<?xml version="1.0" encoding="UTF-8"?>
<project-private xmlns="http://www.netbeans.org/ns/project-private/1">
    <editor-bookmarks xmlns="http://www.netbeans.org/ns/editor-bookmarks/2" lastBookmarkId="0"/>
    <open-files xmlns="http://www.netbeans.org/ns/projectui-open-files/2">
        <group>
            <file>file:/C:/Users/YorleydeMaría/Documents/Casillero/Counter/src/View/ActionMenu_View.java</file>
            <file>file:/C:/Users/YorleydeMaría/Documents/Casillero/Counter/src/counter/Locker.java</file>
            <file>file:/C:/Users/YorleydeMaría/Documents/Casillero/Counter/src/counter/Client.java</file>
            <file>file:/C:/Users/YorleydeMaría/Documents/Casillero/Counter/src/counter/Magazine.java</file>
            <file>file:/C:/Users/YorleydeMaría/Documents/Casillero/Counter/src/counter/Counter.java</file>
            <file>file:/C:/Users/YorleydeMaría/Documents/Casillero/Counter/src/View/Costs_View.java</file>
            <file>file:/C:/Users/YorleydeMaría/Documents/Casillero/Counter/src/View/ClientView.java</file>
            <file>file:/C:/Users/YorleydeMaría/Documents/Casillero/Counter/src/counter/Package.java</file>
            <file>file:/C:/Users/YorleydeMaría/Documents/Casillero/Counter/src/View/CounterView.java</file>
            <file>file:/C:/Users/YorleydeMaría/Documents/Casillero/Counter/src/View/Start_View.java</file>
            <file>file:/C:/Users/YorleydeMaría/Documents/Casillero/Counter/src/counter/Mail.java</file>
            <file>file:/C:/Users/YorleydeMaría/Documents/Casillero/Counter/src/counter/Envelope.java</file>
            <file>file:/C:/Users/YorleydeMaría/Documents/Casillero/Counter/src/counter/Delivery.java</file>
        </group>
    </open-files>
</project-private>
